Incident Type,Location,Date Reported,Time Reported,Case #,Notes,Incident Occurred Between,Int. Ref. #,Disposition
DAMAGE TO PROPERTY,MACALESTER CAMPUS : HOUSING AND RESIDENCE HALL : TURCK HALL,12/19/2022,12:25 PM,MAC-22-1361,Public Safety received a report of damaged college property.,12/19/2022 12:25 PM and 12/19/2022 12:30 PM,,CLOSED.REFERRED TO DEPARTMENT
ASSIST : VEHICLE LOCKOUT,MACALESTER CAMPUS : PARKING : WEST 2,12/16/2022,07:55 PM,MAC-22-1353,Macalester Public Safety assist student on a vehicle lockout.,12/16/2022 07:55 PM and 12/16/2022 08:11 PM,,CLOSED.SERVICE COMPLETE
BURGLARY,HIGHWINDS PROPERTY : GRAND AVENUE BUSINESSES : PATAGONIA-1648 GRAND,12/16/2022,03:22 AM,MAC-22-1350,Public Safety responded to a report of burglary at a High Winds property.,12/16/2022 03:22 AM and 12/16/2022 03:48 AM,,CLOSED.REFERRED TO LE
MOTOR VEHICLE CRASH,ROADWAY,12/15/2022,09:30 AM,MAC-22-1346,Public Safety responded to a property damage accident on the 160 block of Macalester Street.,12/15/2022 09:35 AM and 12/15/2022 10:15 AM,,CLOSED
SEXUAL ASSAULT : RAPE,OFF CAMPUS (NON-CLERY),12/14/2022,10:07 PM,MAC-22-1345,Macalester College Public Safety received report of student victim to sexual assault. Student transported to the hospital.,12/14/2022 10:07 PM and 12/15/2022 12:17 AM,,"CLOSED.REFERRED TO TITLE IX 
OFFICE"
THEFT : MOTOR VEHICLE PARTS,ROADWAY : SUMMIT AVENUE,12/13/2022,01:59 PM,MAC-22-1339,Macalester College Public Safety received report of catalytic converter stolen from student vehicle on public roadway.,12/13/2022 03:05 PM and 12/13/2022 03:05 PM,,CLOSED.SUBJECT ADVISED
ASSIST : VEHICLE START,ROADWAY : MACALESTER STREET,12/13/2022,11:25 AM,MAC-22-1338,Public Safety performed a vehicle jump start.,12/13/2022 11:25 AM and 12/13/2022 11:35 AM,,CLOSED.NO FURTHER ACTION
ASSIST : VEHICLE START,MACALESTER CAMPUS : PARKING : WEST 2,12/10/2022,05:00 PM,MAC-22-1333,Macalester College Public Safety assisted college student with vehicle lockout and jumpstart.,12/10/2022 05:00 PM and 12/10/2022 05:30 PM,,CLOSED.SERVICE COMPLETE
ASSIST : VEHICLE LOCKOUT,MACALESTER CAMPUS : PARKING : WEST 2,12/10/2022,05:00 PM,MAC-22-1333,Macalester College Public Safety assisted college student with vehicle lockout and jumpstart.,12/10/2022 05:00 PM and 12/10/2022 05:30 PM,,CLOSED.SERVICE COMPLETE
ASSIST : VEHICLE START,MACALESTER CAMPUS : PARKING,12/9/2022,11:55 AM,MAC-22-1319,Macalester College Public Safety assisted student with jumpstarting vehicle.,12/9/2022 11:55 AM and 12/9/2022 12:05 PM,,CLOSED.NO FURTHER ACTION
ASSIST : VEHICLE START,MACALESTER CAMPUS : HOUSING AND RESIDENCE HALL : BIGELOW HALL,12/8/2022,03:01 PM,MAC-22-1317,Macalester College Public Safety assisted student by jumpstarting vehicle.,12/8/2022 03:01 PM and 12/8/2022 03:15 PM,,CLOSED.SERVICE COMPLETE
MOTOR VEHICLE CRASH,NON-CAMPUS (CLERY GEOGRAPHY),12/7/2022,08:43 PM,MAC-22-1315,Public Safety observed a vehicle parked at Leonard Center parking lot it appeared to be in a motor vehicle crash.,12/7/2022 08:43 PM and 12/7/2022 08:56 PM,,CLOSED.NO FURTHER ACTION
FIRE : SMOKE,MACALESTER CAMPUS : ATHLETIC FACILITIES : LEONARD CENTER AND WELLNESS COMPLEX,12/7/2022,02:54 AM,MAC-22-1311,Public Safety responded to fire. Smoke,12/7/2022 02:54 AM and 12/7/2022 03:30 AM,,CLOSED.REFERRED TO DEPARTMENT
FIRE : SMOKE,MACALESTER CAMPUS : HOUSING AND RESIDENCE HALL : GRAND CAMBRIDGE APARTMENTS,12/6/2022,07:15 PM,MAC-22-1308,Public Safety responded to a smoke-alarm via radio.,12/6/2022 07:15 PM and 12/6/2022 07:30 PM,,CLOSED.SERVICE COMPLETE
GRAFFITI (NON-CRIMINAL),MACALESTER CAMPUS : ACADEMIC AND ADMINISTRATIVE : RUTH STRICKER DAYTON CAMPUS CENTER,11/24/2022,11:50 AM,MAC-22-1267,Public Safety observed new graffiti inside an administrative building.  Submitted Work Order for removal.,11/24/2022 11:50 AM and 11/24/2022 11:50 AM,,CLOSED.REFERRED TO DEPARTMENT
BIAS INCIDENT : RELIGION,MACALESTER CAMPUS : HOUSING AND RESIDENCE HALL : BIGELOW HALL,11/22/2022,10:48 AM,MAC-22-1283,Public Safety was informed of a bias incident.,UNKNOWN and UNKNOWN,,
DAMAGE TO PROPERTY : ACCIDENTAL,MACALESTER CAMPUS : PARKING : WEST 2,11/22/2022,10:00 AM,MAC-22-1260,Public Safety received a report of a damaged motor pool van.,11/21/2022 03:00 PM and 11/22/2022 10:00 AM,,CLOSED.NO IDENTIFIABLE SUBJECTS
DISBTURBANCE,MACALESTER CAMPUS : HOUSING AND RESIDENCE HALL : DOTY HALL,11/19/2022,12:58 AM,MAC-22-1247,Public Safety responded to a disturbance call.,11/19/2022 12:58 AM and 11/19/2022 01:10 AM,,CLOSED.NO FURTHER ACTION
ASSIST : VEHICLE START,ROADWAY : MACALESTER DRIVE,11/14/2022,05:34 PM,MAC-22-1191,Macalester College Public Safety assisted Macalester employee with jumpstarting their vehicle.,11/14/2022 05:34 PM and 11/14/2022 06:00 PM,,CLOSED.SERVICE COMPLETE
DAMAGE TO PROPERTY : GRAFFITI/VANDALISM,MACALESTER CAMPUS : HOUSING AND RESIDENCE HALL : 30 MAC,11/14/2022,02:00 PM,MAC-22-1226,Macalester College Public Safety received report from custodial of vandalism in residence hall.,11/14/2022 02:00 PM and 11/14/2022 08:01 PM,,CLOSED.NO FURTHER ACTION
MOTOR VEHICLE CRASH,ROADWAY : GRAND AVENUE,11/14/2022,10:25 AM,MAC-22-1222,Public Safety responded to a report of a motor vehicle accident involving a city bus on a roadway through campus.,11/14/2022 10:25 AM and 11/14/2022 10:45 AM,,CLOSED.REFERRED TO LE
MOTOR VEHICLE CRASH,ROADWAY : MACALESTER STREET,11/14/2022,09:10 AM,MAC-22-1221,Public Safety observed a minor motor vehicle accident on a roadway.,11/14/2022 09:10 AM and 11/14/2022 09:20 AM,,CLOSED.NO FURTHER ACTION
ASSIST : VEHICLE START,MACALESTER CAMPUS : PARKING : LEONARD CENTER,11/13/2022,06:00 PM,MAC-22-1218,Macalester College Public Safety assisted student by jumpstarting vehicle.,11/13/2022 06:00 PM and 11/13/2022 06:20 PM,,CLOSED.SERVICE COMPLETE
BURGLARY,HIGHWINDS PROPERTY : GRAND AVENUE BUSINESSES : PATAGONIA-1648 GRAND,11/8/2022,02:20 AM,MAC-22-1190,Public Safety responded to a Saint Paul Police presence at a High Winds property.,11/8/2022 02:20 AM and 11/8/2022 03:00 AM,,CLOSED.REFERRED TO LE
THEFT : BICYCLE,MACALESTER CAMPUS : EXTERIOR SPACES : BIKE RACKS,11/4/2022,09:06 AM,MAC-22-1176,Public Safety Received an Online report regarding bike theft.,11/3/2022 12:00 PM and 11/4/2022 12:00 PM,,CLOSED.NO FURTHER ACTION
THEFT : MOTOR VEHICLE PARTS,MACALESTER CAMPUS : PARKING,11/4/2022,09:05 AM,MAC-22-1175,CATALYTIC CONVERTER STOLEN FROM CAR BETWEEN 10/30 TO 11/3,UNKNOWN and UNKNOWN,,
DISBTURBANCE : GROUP,PUBLIC PROPERTY-CLERY,11/2/2022,11:00 PM,MAC-22-1161,Macalester College Public Safety interfered with by group of students while doing duties. Students advised and sent.,11/2/2022 11:00 PM and 11/2/2022 11:45 PM,,CLOSED.SUBJECT ADVISED
ASSIST : VEHICLE START,ROADWAY : LINCOLN AVENUE,10/31/2022,02:15 PM,MAC-22-1154,Macalester College Public Safety performed vehicle jump start for student's vehicle.,10/31/2022 03:01 PM and 10/31/2022 03:01 PM,,CLOSED.SERVICE COMPLETE
SEX OFFENSE: RAPE,HOUSING AND RESIDENCE HALL,10/31/2022,12:00 AM,TITLEIX-20221031,Title IX reported rape to Public Safety,10/31/2022 12:00 AM and 10/31/2022 12:00 AM,160,
DANGEROUS WEAPONS,MACALESTER CAMPUS : ACADEMIC AND ADMINISTRATIVE : HUMANITIES,10/27/2022,02:00 PM,MAC-22-1140,We received report about a dangerous weapon.,10/27/2022 02:04 PM and 10/27/2022 02:04 PM,,CLOSED.SERVICE COMPLETE
DAMAGE TO PROPERTY : GRAFFITI/VANDALISM,HIGHWINDS PROPERTY : SCOTSDALE (40 SOUTH SNELLING),10/27/2022,01:10 PM,MAC-22-1139,Public Safety observed new graffiti at a High Winds property.,10/27/2022 01:10 PM and 10/27/2022 01:10 PM,,CLOSED.REFERRED TO DEPARTMENT
ACCESS,MACALESTER CAMPUS : HOUSING AND RESIDENCE HALL : BIGELOW HALL,10/26/2022,02:30 AM,MAC-22-1135,Access resident to room.,10/26/2022 02:30 AM and 10/26/2022 02:39 AM,,CLOSED.NO FURTHER ACTION
ACCESS,MACALESTER CAMPUS : ACADEMIC AND ADMINISTRATIVE : RUTH STRICKER DAYTON CAMPUS CENTER,10/26/2022,01:26 AM,MAC-22-1134,Access vendor to academic hall.,10/26/2022 01:26 AM and 10/26/2022 01:35 AM,,CLOSED.NO FURTHER ACTION
ACCESS,MACALESTER CAMPUS : ACADEMIC AND ADMINISTRATIVE : THEATER AND DANCE BUILDING,10/25/2022,07:34 PM,MAC-22-1130,Access to academic hall.,10/25/2022 07:34 PM and 10/25/2022 07:41 PM,,CLOSED.SERVICE COMPLETE
ACCESS,MACALESTER CAMPUS : ACADEMIC AND ADMINISTRATIVE : OLIN-RICE SCIENCE CENTER,10/25/2022,06:32 PM,MAC-22-1129,Access to academic hall.,10/25/2022 06:32 PM and 10/25/2022 06:40 PM,,CLOSED.SERVICE COMPLETE
ACCESS,MACALESTER CAMPUS : ACADEMIC AND ADMINISTRATIVE : OLIN-RICE SCIENCE CENTER,10/25/2022,05:04 PM,MAC-22-1128,Access to academic hall.,10/25/2022 05:04 PM and 10/25/2022 05:06 PM,,CLOSED.SERVICE COMPLETE
ACCESS,MACALESTER CAMPUS : HOUSING AND RESIDENCE HALL : GEORGE DAYTON DRAPER HALL,10/25/2022,03:44 PM,MAC-22-1127,Access to residence hall.,10/25/2022 03:44 PM and 10/25/2022 03:55 PM,,CLOSED.SERVICE COMPLETE
ACCESS,MACALESTER CAMPUS : HOUSING AND RESIDENCE HALL : STADIUM RESIDENCE HALL,10/25/2022,01:58 PM,MAC-22-1126,Access into academic hall.,10/25/2022 01:58 PM and 10/25/2022 02:05 PM,,CLOSED.SERVICE COMPLETE
ACCESS,MACALESTER CAMPUS : ACADEMIC AND ADMINISTRATIVE : DEWITT WALLACE LIBRARY,10/25/2022,02:00 AM,MAC-22-1123,Access into academic hall.  Work order # T2210-1039 has been submitted.,10/25/2022 02:00 AM and 10/25/2022 02:05 AM,,CLOSED.NO FURTHER ACTION
ACCESS,MACALESTER CAMPUS : ACADEMIC AND ADMINISTRATIVE : HUMANITIES,10/24/2022,08:54 PM,MAC-22-1122,Access into academic hall.,10/24/2022 08:54 PM and 10/24/2022 08:55 PM,,CLOSED.SERVICE COMPLETE
ACCESS,MACALESTER CAMPUS,10/24/2022,08:47 PM,MAC-22-1121,Access into academic hall.,10/24/2022 08:47 PM and 10/24/2022 08:52 PM,,CLOSED.SERVICE COMPLETE
ACCESS,MACALESTER CAMPUS : ACADEMIC AND ADMINISTRATIVE : WEYERHAEUSER HALL,10/24/2022,06:34 PM,MAC-22-1120,Access into academic building.,10/24/2022 06:34 PM and 10/24/2022 06:38 PM,,CLOSED.SERVICE COMPLETE
ACCESS,MACALESTER CAMPUS : HOUSING AND RESIDENCE HALL : BIGELOW HALL,10/24/2022,02:35 PM,MAC-22-1119,Access into the Radio station.,10/24/2022 02:35 PM and 10/24/2022 02:43 PM,,CLOSED.SERVICE COMPLETE
ACCESS,MACALESTER CAMPUS : HOUSING AND RESIDENCE HALL : KIRK HALL,10/23/2022,07:49 PM,MAC-22-1118,Access Resident to room,10/23/2022 07:54 PM and 10/23/2022 07:56 PM,,
ACCESS,MACALESTER CAMPUS : HOUSING AND RESIDENCE HALL : TURCK HALL,10/23/2022,06:26 PM,MAC-22-1117,Access resident to room,10/23/2022 06:35 PM and 10/23/2022 06:48 PM,,
ACCESS,MACALESTER CAMPUS : HOUSING AND RESIDENCE HALL : WALLACE HALL,10/23/2022,06:04 PM,MAC-22-1116,Access resident to room,10/23/2022 06:10 PM and 10/23/2022 06:24 PM,,
THEFT : MOTOR VEHICLE PARTS,MACALESTER CAMPUS : PARKING : WEST 2,10/18/2022,01:52 PM,MAC-22-1100,Public Safety took a report of Theft of Auto Parts from a campus lot.,10/15/2022 05:00 PM and 10/18/2022 11:00 AM,,OPEN CASE
FIRE : SMOKE,MACALESTER CAMPUS : HOUSING AND RESIDENCE HALL : 216 VERNON STREET (CHINESE HOUSE),10/16/2022,05:15 PM,MAC-22-1089,Public Safety responded to a smoke-alarm via radio.,10/16/2022 05:15 PM and 10/16/2022 05:20 PM,,CLOSED.SERVICE COMPLETE
ASSIST : VEHICLE START,ROADWAY : SUMMIT AVENUE,10/15/2022,08:45 PM,MAC-22-1087,Public Safety assisted in jump starting a vehicle.,10/15/2022 08:45 PM and 10/15/2022 08:55 PM,,CLOSED.SERVICE COMPLETE
ASSIST : VEHICLE LOCKOUT,ROADWAY,10/15/2022,05:15 PM,MAC-22-1085,Public Safety assisted with a vehicle lockout.,10/15/2022 05:15 PM and 10/15/2022 05:30 PM,,CLOSED.SERVICE COMPLETE
Stalking,HOUSING AND RESIDENCE HALL,10/14/2022,12:00 AM,TITLEIX-20221014,Title IX reported stalking to Public Safety,10/14/2022 12:00 AM and 10/14/2022 12:00 AM,159,
ASSIST : VEHICLE LOCKOUT,ROADWAY : SUMMIT AVENUE,10/13/2022,02:45 PM,MAC-22-1077,Public Safety assisted with a vehicle lockout.,10/13/2022 02:45 PM and 10/13/2022 03:00 PM,,CLOSED.SERVICE COMPLETE
THEFT : FROM MOTOR VEHICLE,OFF CAMPUS (NON-CLERY),10/12/2022,10:00 PM,MAC-22-1074,Public Safety was made aware of a vehicle break-in that had occurred off campus.,10/13/2022 12:00 PM and 10/13/2022 12:00 PM,,CLOSED.NO FURTHER ACTION
HARASSMENT,OFF CAMPUS (NON-CLERY),10/11/2022,11:43 AM,MAC-22-1069,Student Safety Concern,UNKNOWN and UNKNOWN,,
THEFT : BICYCLE : PARTS,MACALESTER CAMPUS : HOUSING AND RESIDENCE HALL : WALLACE HALL,10/10/2022,04:40 PM,MAC-22-1065,Macalester College Public Safety received online report of theft of bike tire.,10/10/2022 03:40 AM and 10/10/2022 04:00 AM,,CLOSED.SUBJECT ADVISED
ASSIST : VEHICLE LOCKOUT,MACALESTER CAMPUS : PARKING : LEONARD CENTER,10/9/2022,08:30 PM,MAC-22-1061,Macalester College Public Safety assisted with vehicle lockout.,10/9/2022 09:00 PM and 10/9/2022 09:09 PM,,CLOSED.SERVICE COMPLETE
THEFT : BICYCLE : PARTS,MACALESTER CAMPUS : EXTERIOR SPACES,10/8/2022,02:35 PM,MAC-22-1059,Macalester College Public Safety received online report of bicycle parts stolen.,10/8/2022 02:35 PM and 10/10/2022 04:37 PM,,OPEN CASE
THEFT : BICYCLE,MACALESTER CAMPUS : EXTERIOR SPACES : BIKE RACKS,10/7/2022,03:22 PM,MAC-22-1057,Macalester College Public Safety received online report of a bicycle theft.,10/5/2022 05:00 PM and 10/5/2022 05:00 PM,,CLOSED.SUBJECT ADVISED
THREATS,OFF CAMPUS (NON-CLERY),10/6/2022,10:00 AM,MAC-22-1052,Public Safety received a report of a student receiving threats via social media.,9/9/2022 10:00 AM and 10/6/2022 10:00 AM,,CLOSED.NO FURTHER ACTION
BURGLARY,MACALESTER CAMPUS : HOUSING AND RESIDENCE HALL,10/6/2022,03:35 AM,MAC-22-1050,Public Safety observed a damaged property.,10/6/2022 03:35 AM and 10/6/2022 03:38 AM,,CLOSED
DAMAGE TO PROPERTY,MACALESTER CAMPUS : HOUSING AND RESIDENCE HALL,10/6/2022,03:35 AM,MAC-22-1050,Public Safety observed a damaged property.,10/6/2022 03:35 AM and 10/6/2022 03:38 AM,,CLOSED.REFERRED TO DEPARTMENT
THEFT : BICYCLE,MACALESTER CAMPUS : EXTERIOR SPACES : BIKE RACKS,10/5/2022,05:00 PM,MAC-22-1063,Public Safety received report of a bike theft.,10/5/2022 05:00 PM and 10/5/2022 05:00 PM,,CLOSED.NO FURTHER ACTION
THEFT : MOTOR VEHICLE PARTS,MACALESTER CAMPUS : PARKING : WEST 2,10/5/2022,03:38 AM,MAC-22-1046,Public Safety observed a theft on a motor vehicle part.,10/5/2022 03:38 AM and 10/5/2022 04:18 AM,,CLOSED.NO SERVICE
SEX OFFENSE: RAPE,HOUSING AND RESIDENCE HALL,10/4/2022,12:00 AM,TITLEIX-20221004,Title IX Reported rape and dating violence to Public Safety,10/4/2022 12:00 AM and 10/4/2022 12:00 AM,158,
DISBTURBANCE : GROUP,OFF CAMPUS (NON-CLERY),10/3/2022,02:10 PM,MAC-22-1036,Online report of disturbance at off campus residence.,9/24/2022 10:00 PM and 9/25/2022 02:00 AM,,
THEFT,HIGHWINDS PROPERTY : HIGH WINDS HOUSES : 1657 LINCOLN,10/3/2022,01:44 PM,MAC-22-1035,Shelving from rear of house,10/1/2022 12:00 PM and 10/2/2022 12:00 PM,,CLOSED.NO FURTHER ACTION
THEFT : BICYCLE,MACALESTER CAMPUS : EXTERIOR SPACES : BIKE RACKS,10/1/2022,09:35 PM,MAC-22-1030,Public Safety received a report of a stolen bike.,10/1/2022 05:00 PM and 10/1/2022 09:35 PM,,
THEFT : FROM BUILDING/STRUCTURE,HIGHWINDS PROPERTY : HIGH WINDS HOUSES : 1657 LINCOLN,10/1/2022,12:01 AM,MAC-22-1066,Public Safety received report of theft.,10/1/2022 12:01 AM and 10/2/2022 12:01 AM,,CLOSED.NO FURTHER ACTION
ASSIST : VEHICLE START,MACALESTER CAMPUS : PARKING,9/28/2022,03:21 PM,MAC-22-1015,Public Safety assist with vehicle jump start.,9/28/2022 03:21 PM and 9/28/2022 03:28 PM,,CLOSED.SERVICE COMPLETE
DAMAGE TO PROPERTY,MACALESTER CAMPUS,9/28/2022,03:12 AM,MAC-22-1014,Observed a damage on Public Safety vehicle.,9/28/2022 03:12 AM and 9/28/2022 03:13 AM,,CLOSED.NO FURTHER ACTION
OFFENSIVE ACTION : WRITING/DRAWING,MACALESTER CAMPUS : ACADEMIC AND ADMINISTRATIVE : DEWITT WALLACE LIBRARY,9/28/2022,01:04 AM,MAC-22-1013,Public Safety observed a offensive of writing.,9/28/2022 01:04 AM and 9/28/2022 01:05 AM,,CLOSED.SERVICE COMPLETE
THEFT : FROM MOTOR VEHICLE,MACALESTER CAMPUS : PARKING : VISITOR 1,9/27/2022,02:00 PM,MAC-22-1009,Macalester College Public Safety received report of vehicle broken into.,9/27/2022 02:00 PM and 9/27/2022 02:54 PM,,CLOSED.SUBJECT ADVISED
SEXUAL ASSAULT : FONDLING,OFF CAMPUS (NON-CLERY),9/24/2022,11:30 PM,MAC-22-1002,Macalester College Public Safety received report of student victim to sexual assault.,9/24/2022 11:30 PM and 9/25/2022 01:04 AM,,CLOSED.REFERRED TO LE
,TURCK HALL,9/24/2022,11:00 PM,22179079,"OTHER SEX OFFSE
1605 GRAND AV",9/24/2022 11:00 PM and UNKNOWN,147,
THEFT : MOTOR VEHICLE PARTS,ROADWAY : MACALESTER STREET,9/24/2022,08:47 AM,MAC-22-1007,Public Safety was dispatched to assist Saint Paul Police with and theft from motor vehicle investigation.,9/24/2022 08:47 AM and 9/24/2022 09:15 AM,,CLOSED.SERVICE COMPLETE
THEFT : BICYCLE,MACALESTER CAMPUS : EXTERIOR SPACES : BIKE RACKS,9/21/2022,05:42 PM,MAC-22-0984,STOLEN BUKE FROM LC WEDNESDAY NIGHT. TREK WHITE AND BLUE ROAD BIKE,9/20/2022 12:00 PM and 9/21/2022 12:00 PM,,CLOSED.NO FURTHER ACTION
THEFT : BICYCLE,MACALESTER CAMPUS : EXTERIOR SPACES : BIKE RACKS,9/21/2022,04:15 PM,MAC-22-0985,Public Safety received a report of a stolen bike.,9/3/2022 01:30 PM and 9/15/2022 05:00 PM,,CLOSED.SERVICE COMPLETE
DAMAGE TO PROPERTY : CRIMINAL,MACALESTER CAMPUS : EXTERIOR SPACES : BIKE RACKS : DUPRE,9/21/2022,02:59 PM,MAC-22-0981,Public Safety received an online report about property damage and attempted theft.,9/21/2022 03:00 PM and 9/21/2022 03:01 PM,,
MOTOR VEHICLE THEFT,1676 GRAND AV,9/21/2022,12:00 PM,22176348,"AUTO THEFT
1676 GRAND AV",9/21/2022 12:00 PM and UNKNOWN,152,
THEFT : BICYCLE,MACALESTER CAMPUS : EXTERIOR SPACES : BIKE RACKS,9/21/2022,11:00 AM,MAC-22-0988,Public Safety received report of a bike theft.,9/20/2022 06:00 PM and 9/21/2022 11:00 AM,,CLOSED.NO FURTHER ACTION
DAMAGE TO PROPERTY,MACALESTER CAMPUS,9/20/2022,09:45 AM,MAC-22-0977,Public Safety officer responded to a damage to property report.  Damaged bike lock and cable recovered.,UNKNOWN and UNKNOWN,,CLOSED
GRAFFITI (NON-CRIMINAL),MACALESTER CAMPUS : HOUSING AND RESIDENCE HALL : TURCK HALL,9/17/2022,07:15 PM,MAC-22-0967,Public Safety responded to a graffiti report in a residence hall.,9/17/2022 07:15 PM and 9/17/2022 07:25 PM,,CLOSED.SERVICE COMPLETE
THEFT,MACALESTER CAMPUS : ATHLETIC FACILITIES : LEONARD CENTER AND WELLNESS COMPLEX,9/16/2022,03:26 PM,MAC-22-0959,Public Safety received an online report about a possible theft on campus.,9/8/2022 04:45 AM and 9/8/2022 06:45 AM,,OPEN CASE
THEFT : MOTOR VEHICLE PARTS,MACALESTER CAMPUS : HOUSING AND RESIDENCE HALL : CULTURAL HOUSE,9/11/2022,06:00 PM,MAC-22-0929,Public Safety received a report of a catalytic converter theft.  From a parking lot on Campus,9/11/2022 06:00 PM and 9/11/2022 06:30 PM,,CLOSED
THEFT : BICYCLE,MACALESTER CAMPUS : EXTERIOR SPACES : BIKE RACKS : DUPRE,9/10/2022,07:00 PM,MAC-22-0927,Public Safety received a report of a bicycle theft,9/10/2022 07:00 PM and 9/10/2022 07:00 PM,,CLOSED
THEFT : BICYCLE,MACALESTER CAMPUS : EXTERIOR SPACES : BIKE RACKS : CAMPUS CENTER,9/9/2022,11:21 AM,MAC-22-0925,Public Safety received a report of a bicycle theft,9/9/2022 12:00 AM and 9/11/2022 11:30 AM,,PENDING
DAMAGE TO PROPERTY : CRIMINAL,NON-CAMPUS (CLERY GEOGRAPHY),9/9/2022,02:34 AM,MAC-22-0917,Public Safety Observed property damaged.,9/9/2022 02:34 AM and 9/9/2022 03:00 AM,,CLOSED.NO FURTHER ACTION
DAMAGE TO PROPERTY : CRIMINAL,NON-CAMPUS (CLERY GEOGRAPHY),9/9/2022,02:13 AM,MAC-22-0916,Public Safety observed possible property damaged,9/9/2022 02:13 AM and 9/9/2022 02:30 AM,,CLOSED.NO SUSPECT OR WITNESS
THEFT : BICYCLE,MACALESTER CAMPUS : EXTERIOR SPACES : BIKE RACKS : DUPRE,9/8/2022,03:30 PM,MAC-22-0914,Public Safety responded to a theft report.,9/8/2022 03:30 PM and 9/8/2022 03:38 PM,,
ALARMS : FREEZER ALARM,MACALESTER CAMPUS : ACADEMIC AND ADMINISTRATIVE : OLIN-RICE SCIENCE CENTER,9/7/2022,06:45 PM,MAC-22-0913,Public Safety responded to a alarm in the Academic building.,9/7/2022 06:45 PM and 9/7/2022 06:57 PM,,
LOITERING,HIGHWINDS PROPERTY : SCOTSDALE (40 SOUTH SNELLING),9/6/2022,11:05 PM,MAC-22-0909,Public Safety advised/sent a unwanted person.,9/6/2022 11:05 PM and 9/6/2022 11:08 PM,,CLOSED.SUBJECT ADVISED
MOTOR VEHICLE CRASH,HIGHWINDS PROPERTY : SCOTSDALE (40 SOUTH SNELLING) : JAMBA JUICE-1577 GRAND,9/6/2022,03:20 PM,MAC-23-0012,Public Safety conducted a follow up on a victim that was involved in a hit and run.,9/6/2022 03:20 PM and 1/11/2023 02:45 PM,,CLOSED
BIAS INCIDENT,ROADWAY : GRAND AVENUE,9/6/2022,11:55 AM,MAC-22-0904,Public Safety responded to a report of sexuality biased graffiti on city property  adjacent to campus.  Graffiti removed.,9/6/2022 11:55 AM and 9/6/2022 12:00 PM,,CLOSED.NO FURTHER ACTION
MOTOR VEHICLE CRASH,MACALESTER CAMPUS : EXTERIOR SPACES,9/6/2022,09:35 AM,MAC-22-0910,Public Safety received a report of a motor vehicle accident that had occurred on campus the previous day.,9/6/2022 09:35 AM and 9/6/2022 09:40 AM,,CLOSED.REFERRED TO DEPARTMENT
DAMAGE TO PROPERTY : CRIMINAL,NON-CAMPUS (CLERY GEOGRAPHY),9/4/2022,01:51 PM,MAC-22-0898,Public Safety observed a vehicle with broken window.,UNKNOWN and UNKNOWN,,CLOSED.NO FURTHER ACTION
STALKING,MACALESTER CAMPUS : EXTERIOR SPACES,9/4/2022,02:15 AM,MAC-22-0911,Public Safety received a report of assault with a dangerous weapon that had occurred on campus grounds.,9/4/2022 02:15 AM and 9/4/2022 02:30 AM,,"CLOSED.REFERRED TO TITLE IX 
OFFICE"
ASSAULT : WITH DANGEROUS WEAPONS,MACALESTER CAMPUS : EXTERIOR SPACES,9/4/2022,02:15 AM,MAC-22-0911,Public Safety received a report of assault with a dangerous weapon that had occurred on campus grounds.,9/4/2022 02:15 AM and 9/4/2022 02:30 AM,,"CLOSED.REFERRED TO TITLE IX 
OFFICE"
DAMAGE TO PROPERTY : GRAFFITI/VANDALISM (Count 1),MACALESTER CAMPUS : EXTERIOR SPACES : BIKE RACKS : DUPRE,9/2/2022,08:50 AM,MAC-22-0891,Public Safety observed new graffiti outside of a residence hall.  Submitted a Work Order for its removal.,9/2/2022 08:50 AM and 9/2/2022 08:50 AM,,CLOSED
DAMAGE TO PROPERTY : GRAFFITI/VANDALISM (Count 2),MACALESTER CAMPUS : EXTERIOR SPACES : BIKE RACKS : DUPRE,9/2/2022,08:50 AM,MAC-22-0891,Public Safety observed new graffiti outside of a residence hall.  Submitted a Work Order for its removal.,9/2/2022 08:50 AM and 9/2/2022 08:50 AM,,CLOSED
GRAFFITI (NON-CRIMINAL),MACALESTER CAMPUS : ACADEMIC AND ADMINISTRATIVE : RUTH STRICKER DAYTON CAMPUS CENTER,9/1/2022,04:05 AM,MAC-22-0883,Public Safety observed graffiti on campus property. Work order submitted.,9/1/2022 04:05 AM and 9/1/2022 04:15 AM,,CLOSED
THEFT : BICYCLE,MACALESTER CAMPUS : EXTERIOR SPACES : BIKE RACKS : CAMPUS CENTER,8/31/2022,03:15 PM,MAC-22-0879,Public Safety responded to a property assist report. Recovered property and SPPD contacted.,8/31/2022 03:15 PM and 8/31/2022 06:30 PM,,CLOSED.SERVICE COMPLETE
DAMAGE TO PROPERTY : ACCIDENTAL,MACALESTER CAMPUS : EXTERIOR SPACES,8/29/2022,05:38 AM,MAC-22-0873,Public Safety Officer observed damage to property. Accidental.,UNKNOWN and UNKNOWN,,CLOSED
GRAFFITI (NON-CRIMINAL),MACALESTER CAMPUS : HOUSING AND RESIDENCE HALL : TURCK HALL,8/28/2022,01:06 AM,MAC-22-0863,Public Safety responded to a report of a graffiti in a residence hall.,8/28/2022 01:06 AM and 8/28/2022 01:14 AM,,CLOSED.SERVICE COMPLETE
THEFT : BICYCLE,MACALESTER CAMPUS,8/26/2022,04:27 AM,MAC-22-0857,Public Safety observed a attempted bicycle theft.,8/26/2022 04:27 AM and 8/26/2022 04:29 AM,,CLOSED.NO FURTHER ACTION
MOTOR VEHICLE CRASH,ROADWAY : SNELLING AVENUE,8/24/2022,06:10 AM,MAC-22-0850,Public Safety responded to a motor vehicle crash on a city street adjacent to campus.,8/24/2022 06:10 AM and 8/24/2022 06:20 AM,,CLOSED.NO SERVICE
DAMAGE TO PROPERTY : CRIMINAL,MACALESTER CAMPUS : EXTERIOR SPACES : BIKE RACKS : DUPRE,8/24/2022,05:55 AM,MAC-22-0848,Public Safety observed a theft and the damage of personal property while reviewing camera footage.,8/24/2022 02:27 AM and 8/24/2022 02:40 AM,,CLOSED.NO IDENTIFIABLE SUBJECTS
THEFT : BICYCLE : PARTS (Count 1),MACALESTER CAMPUS : EXTERIOR SPACES : BIKE RACKS : DUPRE,8/24/2022,05:55 AM,MAC-22-0848,Public Safety observed a theft and the damage of personal property while reviewing camera footage.,8/24/2022 02:27 AM and 8/24/2022 02:40 AM,,CLOSED.NO IDENTIFIABLE SUBJECTS
THEFT : BICYCLE : PARTS (Count 2),MACALESTER CAMPUS : EXTERIOR SPACES : BIKE RACKS : DUPRE,8/24/2022,05:55 AM,MAC-22-0848,Public Safety observed a theft and the damage of personal property while reviewing camera footage.,8/24/2022 02:27 AM and 8/24/2022 02:40 AM,,CLOSED.NO IDENTIFIABLE SUBJECTS
THEFT : BICYCLE,MACALESTER CAMPUS : EXTERIOR SPACES : BIKE RACKS : DUPRE,8/24/2022,05:55 AM,MAC-22-0848,Public Safety observed a theft and the damage of personal property while reviewing camera footage.,8/24/2022 02:27 AM and 8/24/2022 02:40 AM,,CLOSED.NO IDENTIFIABLE SUBJECTS
DAMAGE TO PROPERTY : CRIMINAL,MACALESTER CAMPUS : PARKING,8/19/2022,07:55 AM,MAC-22-0832,Public Safety observed criminal damage to a car share vehicle in a college owned parking lot.,8/19/2022 07:55 AM and 8/19/2022 08:15 AM,,CLOSED.NO IDENTIFIABLE SUBJECTS
DAMAGE TO PROPERTY : GRAFFITI/VANDALISM,MACALESTER CAMPUS : HOUSING AND RESIDENCE HALL : KIRK HALL,8/17/2022,07:24 PM,MAC-22-0830,Public Safety responded to a damage to property report after a an online report was submitted. Work order completed.,8/17/2022 05:00 PM and 8/17/2022 08:15 PM,,
THEFT : BICYCLE,MACALESTER CAMPUS : EXTERIOR SPACES : BIKE RACKS : DUPRE,8/13/2022,01:58 AM,MAC-22-0824,Public Safety received report of a bike theft.,8/13/2022 01:58 AM and 8/13/2022 02:15 AM,,CLOSED.NO FURTHER ACTION
ASSIST : VEHICLE START,MACALESTER CAMPUS : PARKING : WEST 2,8/10/2022,11:00 AM,MAC-22-0816,Public Safety assisted with jumpstarting a vehicle.,8/10/2022 11:00 AM and 8/10/2022 11:15 AM,,CLOSED.NO FURTHER ACTION
MOTOR VEHICLE CRASH,ROADWAY : SNELLING AVENUE,8/9/2022,11:54 AM,MAC-22-0812,Public Safety notified of a property damage only motor vehicle crash,UNKNOWN and UNKNOWN,,
MOTOR VEHICLE CRASH,ROADWAY : SNELLING AVENUE,8/9/2022,10:45 AM,MAC-22-0811,Public Safety Officer involved in a motor vehicle accident.,8/9/2022 10:45 AM and 8/9/2022 10:45 AM,,CLOSED.SERVICE COMPLETE
ASSIST : VEHICLE START,HIGHWINDS PROPERTY : FACILITIES SERVICES HOUSES : 210 VERNON: UPPER,7/29/2022,03:30 PM,MAC-22-0796,Public Safety assisted in jump starting a vehicle.,7/29/2022 03:30 PM and 7/29/2022 03:45 PM,,CLOSED.SERVICE COMPLETE
THEFT : MOTOR VEHICLE PARTS,MACALESTER CAMPUS : ACADEMIC AND ADMINISTRATIVE : RUTH STRICKER DAYTON CAMPUS CENTER,7/29/2022,04:27 AM,MAC-22-0794,Public Safety received a call of theft to motor vehicle parts.,7/29/2022 04:27 AM and 7/29/2022 04:32 AM,,CLOSED.NO FURTHER ACTION
DAMAGE TO PROPERTY,MACALESTER CAMPUS : HOUSING AND RESIDENCE HALL : BIGELOW HALL,7/19/2022,10:50 PM,MAC-22-0774,Public Safety observed a broke window.,7/19/2022 10:50 PM and 7/19/2022 10:54 PM,,"CLOSED.REFERRED TO OUTSIDE 
AGENCY"
THEFT : FROM BUILDING/STRUCTURE,MACALESTER CAMPUS : ACADEMIC AND ADMINISTRATIVE : HIGHLANDER:THE SHOP AT MACALESTER,7/19/2022,12:45 PM,MAC-22-0770,Public Safety responded to a report of suspicious activity and shoplifting.  Subject gone on arrival.,7/19/2022 12:45 PM and 7/19/2022 12:55 PM,,CLOSED.NO IDENTIFIABLE SUBJECTS
DISBTURBANCE : GROUP,MACALESTER CAMPUS : PARKING : VISITOR 1,7/16/2022,09:35 PM,MAC-22-0754,Macalester Public Safety observed suspicious behavior from a group of individuals.,7/16/2022 09:35 PM and 7/16/2022 10:00 PM,,CLOSED.SERVICE COMPLETE
,1672 GRAND AV,7/11/2022,10:00 PM,22124724,"BURGLARY
1672 GRAND AV",7/11/2022 10:00 PM and UNKNOWN,150,
DAMAGE TO PROPERTY : CRIMINAL,MACALESTER CAMPUS : ACADEMIC AND ADMINISTRATIVE : DEWITT WALLACE LIBRARY,7/4/2022,06:30 PM,MAC-22-0734,Public Safety Observed damage to a construction site on campus.,7/4/2022 06:30 PM and 7/4/2022 06:30 PM,,CLOSED
DAMAGE TO PROPERTY : GRAFFITI/VANDALISM,MACALESTER CAMPUS : ACADEMIC AND ADMINISTRATIVE : CARNEGIE HALL,6/30/2022,02:13 PM,MAC-22-0731,Public Safety was notified of vandalism in an academic building.,UNKNOWN and UNKNOWN,,CLOSED.SUBJECT ADVISED
DAMAGE TO PROPERTY : GRAFFITI/VANDALISM,HIGHWINDS PROPERTY : SCOTSDALE (40 SOUTH SNELLING),6/30/2022,08:00 AM,MAC-22-0730,"Public Safety observed graffiti on the exterior of a High Winds property.  Wrote Work Order and notified High Winds for its 
removal.",6/30/2022 08:00 AM and 6/30/2022 08:00 AM,,CLOSED.REFERRED TO DEPARTMENT
DAMAGE TO PROPERTY : GRAFFITI/VANDALISM,MACALESTER CAMPUS : ACADEMIC AND ADMINISTRATIVE : LAMPERT BUILDING,6/30/2022,07:55 AM,MAC-22-0729,Public Safety observed graffiti on an Administrative building.  Submitted Work Order for its removal.,6/30/2022 07:55 AM and 6/30/2022 07:55 AM,,CLOSED.REFERRED TO DEPARTMENT
SEX OFFENSE: RAPE,HOUSING AND RESIDENCE HALL,6/30/2022,12:00 AM,TITLEIX-20220630,Title IX reported rape to Public Safety,6/30/2022 12:00 AM and 6/30/2022 12:00 AM,157,
THEFT,OFF CAMPUS (NON-CLERY),6/27/2022,03:15 PM,MAC-22-0726,Public Safety was notified of the theft of Macalester Keys off campus.,5/25/2022 04:45 AM and 5/25/2022 04:55 AM,,
THEFT,OFF CAMPUS (NON-CLERY),6/27/2022,03:14 PM,MAC-22-0725,Public Safety was notified of stolen Macalester Property Off Campus,6/16/2022 12:00 PM and 6/18/2022 12:00 PM,,
DAMAGE TO PROPERTY : GRAFFITI/VANDALISM,HIGHWINDS PROPERTY,6/27/2022,06:34 AM,MAC-22-0732,Public Safety observed new graffiti tags over the past week on a High Winds commercial property.,6/27/2022 06:34 AM and 6/27/2022 06:34 AM,,CLOSED.REFERRED TO DEPARTMENT
GRAFFITI (NON-CRIMINAL),MACALESTER CAMPUS : EXTERIOR SPACES : BATEMAN PLAZA,6/25/2022,10:50 AM,MAC-22-0721,Public Safety found graffiti painted on sidewalk of Macalester College.,6/25/2022 10:50 AM and 6/25/2022 10:51 AM,,CLOSED.SERVICE COMPLETE
MISSING PERSON : PERSON,MACALESTER CAMPUS : ACADEMIC AND ADMINISTRATIVE : CARNEGIE HALL,6/21/2022,11:15 AM,MAC-22-0713,Public Safety responded to a report of a missing child.,6/21/2022 11:15 AM and 6/21/2022 11:45 AM,,CLOSED.NO FURTHER ACTION
TRESPASS,MACALESTER CAMPUS : ACADEMIC AND ADMINISTRATIVE : RUTH STRICKER DAYTON CAMPUS CENTER,6/21/2022,12:57 AM,MAC-22-0712,Public Safety responded to unwanted person. Subject advised and sent.,6/21/2022 12:57 AM and 6/21/2022 01:13 AM,,CLOSED.SUBJECT ADVISED
TRESPASS,MACALESTER CAMPUS : ACADEMIC AND ADMINISTRATIVE : DEWITT WALLACE LIBRARY,6/16/2022,12:23 AM,MAC-22-0704,Public Safety observed an unauthorized access.,6/16/2022 12:23 AM and 6/16/2022 12:47 AM,,CLOSED.SUBJECT TRESPASSED
DAMAGE TO PROPERTY,MACALESTER CAMPUS : HOUSING AND RESIDENCE HALL : DUPRE HALL,6/15/2022,10:45 PM,MAC-22-0703,Public Safety observed property damage from falling tree.,6/15/2022 10:45 PM and 6/15/2022 11:00 PM,,"CLOSED.REFERRED TO OUTSIDE 
AGENCY"
THEFT : BICYCLE : PARTS,MACALESTER CAMPUS : EXTERIOR SPACES : BIKE RACKS : DUPRE,6/12/2022,07:57 PM,MAC-22-0696,Public Safety observed a theft on bicycle part.,6/12/2022 07:57 PM and 6/12/2022 08:04 PM,,CLOSED.NO FURTHER ACTION
THEFT : BICYCLE,MACALESTER CAMPUS : EXTERIOR SPACES : BIKE RACKS : DUPRE,6/12/2022,02:27 PM,MAC-22-0695,Macalester Public Safety was made aware of an attempted bike theft,6/12/2022 03:35 AM and 6/12/2022 03:39 AM,,CLOSED.SERVICE COMPLETE
DISBTURBANCE : VERBAL,MACALESTER CAMPUS : EXTERIOR SPACES : MARVIN PLAZA,6/8/2022,08:50 PM,MAC-22-0684,An unidentified male approached 2 students on campus and made threats towards them.  Subject left campus by bicycle.,6/8/2022 08:50 PM and 6/8/2022 08:50 PM,,OPEN
INIMIDATION,MACALESTER CAMPUS : EXTERIOR SPACES : MARVIN PLAZA,6/8/2022,08:50 PM,MAC-22-0684,An unidentified male approached 2 students on campus and made threats towards them.  Subject left campus by bicycle.,6/8/2022 08:50 PM and 6/8/2022 08:50 PM,,OPEN
MOTOR VEHICLE CRASH,MACALESTER CAMPUS : PARKING : WEST 3,6/4/2022,04:28 PM,MAC-22-0677,Motor vehicle crash-Golf Cart and Car,UNKNOWN and UNKNOWN,,
LOITERING,MACALESTER CAMPUS : PARKING : SOUTH PARKING,6/2/2022,04:23 AM,MAC-22-0673,Public Safety observed a individual dumpster diving on campus.,6/2/2022 04:23 AM and 6/2/2022 04:41 AM,,CLOSED.SUBJECT ADVISED
TRESPASS : CRIMINAL ARREST,MACALESTER CAMPUS : EXTERIOR SPACES : BATEMAN PLAZA,5/26/2022,06:11 PM,MAC-22-0665,Macalester College Public Safety Officer observed subject with active trespass on Campus. Subject arrested.,5/26/2022 06:11 PM and 5/26/2022 06:50 PM,,CLOSED.SUBJECT ARRESTED
,RUTH STRICKER DAYTON CAMPUS CENTER,5/26/2022,06:00 PM,22091519,"NARCOTICS DRUGS    
1600 GRAND AV",5/26/2022 06:00 PM and UNKNOWN,143,
MOTOR VEHICLE THEFT,GRAND AV  & SNELLING,5/23/2022,03:00 PM,22089448,"AUTO THEFT
GRAND AV  & SNELLING",5/23/2022 03:00 PM and UNKNOWN,144,
MOTOR VEHICLE THEFT,1662 GRAND AV,5/21/2022,09:00 AM,22087888,"AUTO THEFT
1662 GRAND AV",5/21/2022 09:00 AM and UNKNOWN,149,
DAMAGE TO PROPERTY : GRAFFITI/VANDALISM,MACALESTER CAMPUS : PARKING : SOUTH PARKING,5/17/2022,08:00 AM,MAC-22-0647,Public Safety received a report of personal vehicle vandalized in a college parking lot.,5/14/2022 10:45 AM and 5/15/2022 07:00 AM,,CLOSED.NO SUSPECT OR WITNESS
DAMAGE TO PROPERTY : GRAFFITI/VANDALISM,MACALESTER CAMPUS : ACADEMIC AND ADMINISTRATIVE : OLIN-RICE SCIENCE CENTER,5/12/2022,07:00 AM,MAC-22-0634,Public Safety observed graffiti that contained offensive images and phrases,5/12/2022 07:00 AM and 5/12/2022 07:00 AM,,CLOSED.REFERRED TO DEPARTMENT
OFFENSIVE ACTION : WRITING/DRAWING,MACALESTER CAMPUS : ACADEMIC AND ADMINISTRATIVE : OLIN-RICE SCIENCE CENTER,5/12/2022,07:00 AM,MAC-22-0634,Public Safety observed graffiti that contained offensive images and phrases,5/12/2022 07:00 AM and 5/12/2022 07:00 AM,,CLOSED.REFERRED TO DEPARTMENT
THEFT : MOTOR VEHICLE PARTS,OFF CAMPUS (NON-CLERY) : PUBLIC PROPERTY,5/11/2022,02:50 PM,MAC-22-0628,Public Safety was notified a catalytic converter theft occurring off campus.,5/11/2022 09:06 PM and 5/11/2022 09:06 PM,,
DAMAGE TO PROPERTY,MACALESTER CAMPUS : ACADEMIC AND ADMINISTRATIVE : HUMANITIES,5/11/2022,12:01 AM,MAC-22-0626,Public Safety observed multiple people on a unauthorized access in academic building.,5/11/2022 12:01 AM and 5/11/2022 12:18 AM,,CLOSED
THEFT : MOTOR VEHICLE THEFT,ROADWAY : SUMMIT AVENUE,5/10/2022,10:00 AM,MAC-22-0624,Public Safety received a report of motor vehicle theft from a city street.,5/10/2022 10:00 AM and 5/10/2022 10:00 AM,,CLOSED.REFERRED TO LE
DAMAGE TO PROPERTY : GRAFFITI/VANDALISM,MACALESTER CAMPUS : HOUSING AND RESIDENCE HALL : DUPRE HALL,5/10/2022,08:25 AM,MAC-22-0623,Public Safety took a report of Damage to Property-Graffiti that was observed on the exterior wall of a residence hall.,5/10/2022 08:25 AM and 5/10/2022 08:25 AM,,CLOSED.REFERRED TO DEPARTMENT
THEFT : MOTOR VEHICLE PARTS,MACALESTER CAMPUS : HOUSING AND RESIDENCE HALL : GRAND CAMBRIDGE APARTMENTS,5/9/2022,03:26 PM,MAC-22-0621,Macalester College Public Safety Officer received report of catalytic converter stolen from student's vehicle.,5/5/2022 03:26 PM and 5/8/2022 03:26 PM,,CLOSED.SERVICE COMPLETE
MOTOR VEHICLE CRASH,ROADWAY : SNELLING AVENUE,5/7/2022,12:05 AM,MAC-22-0609,Public Safety observed police squads on public roadways near campus. Motor vehicle crash discovered to have occurred.,5/7/2022 12:05 AM and 5/7/2022 12:45 AM,,CLOSED.NO SERVICE
THEFT : BICYCLE,MACALESTER CAMPUS : EXTERIOR SPACES : BIKE RACKS : DUPRE,5/6/2022,05:00 PM,MAC-22-0606,Public Safety received a report of a bicycle theft.,5/5/2022 06:52 PM and 5/6/2022 07:10 AM,,CLOSED.REFERRED TO LE
THEFT : BICYCLE,MACALESTER CAMPUS : EXTERIOR SPACES : BIKE RACKS : 30 MAC,5/6/2022,03:15 PM,MAC-22-0604,Public Safety received a bicycle theft report.,4/24/2022 01:00 PM and 5/6/2022 01:15 PM,,CLOSED.REFERRED TO LE
THEFT : BICYCLE,MACALESTER CAMPUS : EXTERIOR SPACES : BIKE RACKS : DUPRE,5/5/2022,11:15 AM,MAC-22-0595,Public Safety observed a bike theft while reviewing security camera footage.,5/5/2022 04:13 AM and 5/5/2022 04:15 AM,,CLOSED.NO IDENTIFIABLE SUBJECTS
HARASSMENT,MACALESTER CAMPUS : ACADEMIC AND ADMINISTRATIVE : DEWITT WALLACE LIBRARY,5/4/2022,09:03 AM,MAC-22-0590,Staff member reports being harassed by a family member,5/3/2022 12:00 PM and 5/4/2022 09:30 AM,,
THEFT : FROM BUILDING/STRUCTURE,MACALESTER CAMPUS : HOUSING AND RESIDENCE HALL : WALLACE HALL,5/3/2022,09:17 PM,MAC-22-0586,Macalester College Public Safety received report of missing property from custodial department.,5/3/2022 09:18 PM and 5/3/2022 09:18 PM,,CLOSED.NO FURTHER ACTION
THEFT : FROM MOTOR VEHICLE,ROADWAY : MACALESTER STREET,5/3/2022,07:40 PM,MAC-22-0585,Macalester College Public safety took a report of a catalytic converter theft.,4/25/2022 12:00 AM and 5/3/2022 12:00 AM,,CLOSED.PUBLIC SPACE
FIRE : SMOKE,MACALESTER CAMPUS : HOUSING AND RESIDENCE HALL : DUPRE HALL,5/1/2022,11:30 PM,MAC-22-0575,Public Safety responded to a smoke alarm in the resident hall.,5/1/2022 11:30 PM and 5/1/2022 11:50 PM,,CLOSED.SERVICE COMPLETE
DATING VIOLENCE,OFF CAMPUS (NON-CLERY),5/1/2022,03:00 PM,MAC-22-0573,Macalester College Public Safety Officer received report of student victim to dating violence.,5/1/2022 03:00 PM and 5/1/2022 04:00 PM,,CLOSED.REFERRED TO DEPARTMENT
HARASSMENT,OFF CAMPUS (NON-CLERY),5/1/2022,03:00 PM,MAC-22-0573,Macalester College Public Safety Officer received report of student victim to dating violence.,5/1/2022 03:00 PM and 5/1/2022 04:00 PM,,CLOSED.REFERRED TO DEPARTMENT
STALKING,OFF CAMPUS (NON-CLERY),5/1/2022,03:00 PM,MAC-22-0573,Macalester College Public Safety Officer received report of student victim to dating violence.,5/1/2022 03:00 PM and 5/1/2022 04:00 PM,,CLOSED.REFERRED TO DEPARTMENT
THEFT,MACALESTER CAMPUS : ACADEMIC AND ADMINISTRATIVE : JANET WALLACE FINE ARTS CENTER,4/30/2022,04:00 PM,MAC-22-0566,Public Safety received an online report about a stolen clothing item.,4/30/2022 12:50 PM and 4/30/2022 04:00 PM,,CLOSED.SERVICE COMPLETE
THEFT : FROM BUILDING/STRUCTURE,ROADWAY : GRAND AVENUE,4/30/2022,12:30 PM,MAC-22-0568,Macalester College Public Safety observed student walking on Campus with for sale sign.,5/1/2022 01:00 AM and 5/1/2022 01:00 AM,,OPEN
DAMAGE TO PROPERTY : CRIMINAL,ROADWAY : GRAND AVENUE,4/30/2022,12:30 PM,MAC-22-0568,Macalester College Public Safety observed student walking on Campus with for sale sign.,5/1/2022 01:00 AM and 5/1/2022 01:00 AM,,OPEN
THEFT : FROM MOTOR VEHICLE,HIGHWINDS PROPERTY,4/29/2022,07:45 AM,MAC-22-0549,Public Safety responded to a Theft from Motor Vehicle report.,4/28/2022 07:00 PM and 4/29/2022 07:30 AM,,CLOSED.REFERRED TO LE
EXTORTION,MACALESTER CAMPUS : HOUSING AND RESIDENCE HALL : BIGELOW HALL,4/23/2022,06:00 PM,MAC-22-0519,Public Safety received a report of extortion.,4/23/2022 02:00 PM and 4/23/2022 06:45 PM,,
MOTOR VEHICLE THEFT,1672 GRAND AV,4/22/2022,04:00 PM,22068473,"AUTO THEFT
1672 GRAND AV",4/22/2022 04:00 PM and UNKNOWN,151,
MOTOR VEHICLE CRASH,ROADWAY : MACALESTER STREET,4/22/2022,01:15 PM,MAC-22-0513,Public Safety responded to a motor vehicle collision on a city street.,4/22/2022 01:15 PM and 4/22/2022 01:20 PM,,CLOSED.SERVICE COMPLETE
THEFT : INCLUDING ATTEMPTS,ROADWAY : LINCOLN AVENUE,4/21/2022,03:00 PM,MAC-22-0506,Public Safety was notified of a catalytic converter theft from a parking lot.,4/20/2022 12:10 PM and 4/20/2022 12:15 PM,,CLOSED.REFERRED TO LE
DAMAGE TO PROPERTY : CRIMINAL,ROADWAY : LINCOLN AVENUE,4/21/2022,03:00 PM,MAC-22-0506,Public Safety was notified of a catalytic converter theft from a parking lot.,4/20/2022 12:10 PM and 4/20/2022 12:15 PM,,CLOSED.REFERRED TO LE
THEFT : FROM MOTOR VEHICLE,HIGHWINDS PROPERTY : FACILITIES SERVICES HOUSES,4/19/2022,04:18 PM,MAC-22-0498,Macalester College received a theft from auto report from a faculty member at 210 Vernon.,4/19/2022 04:18 PM and 4/19/2022 04:18 PM,,CLOSED.SERVICE COMPLETE
DAMAGE TO PROPERTY : GRAFFITI/VANDALISM,MACALESTER CAMPUS,4/18/2022,12:00 AM,MAC-22-0505,Kitchen dirty and damaged,4/18/2022 12:00 AM and 4/18/2022 12:00 AM,,
Stalking,HOUSING AND RESIDENCE HALL,4/18/2022,12:00 AM,TITLEIX-20220418,Title IX reported stalking to Public Safety,4/18/2022 12:00 AM and 4/18/2022 12:00 AM,155,
DAMAGE TO PROPERTY : CRIMINAL,MACALESTER CAMPUS : HOUSING AND RESIDENCE HALL : DOTY HALL,4/17/2022,10:50 AM,MAC-22-0486,Public Safety found damage to a wall in a Residential Hall,4/17/2022 10:50 AM and 4/17/2022 11:00 AM,,CLOSED
MOTOR VEHICLE THEFT,16 CAMBRIDGE ST,4/16/2022,10:00 PM,22064708,"AUTO THEFT
16 CAMBRIDGE ST",4/16/2022 10:00 PM and UNKNOWN,145,
ASSAULT : AGGRAVATED ASSAULT,MACALESTER CAMPUS : HOUSING AND RESIDENCE HALL : TURCK HALL,4/16/2022,02:05 AM,MAC-22-0479,"Public Safety responded to a medical incident. Aggravated assault resulted from a narcotic unknowingly being introduced to a 
beverage.",4/16/2022 02:05 AM and 4/16/2022 02:45 AM,,CLOSED.REFERRED TO DEPARTMENT
ASSIST : VEHICLE START,MACALESTER CAMPUS : PARKING : VISITOR 1,4/14/2022,10:45 PM,MAC-22-0475,Macalester College Public Safety requested for vehicle jump start. Student escorted from campus to off campus residence.,4/14/2022 10:53 PM and 4/14/2022 10:53 PM,,CLOSED.SERVICE COMPLETE
DAMAGE TO PROPERTY : CRIMINAL,MACALESTER CAMPUS : PARKING : IMMANUEL LUTHERAN CHURCH,4/13/2022,12:22 PM,MAC-22-0464,Public Safety was notified of a theft from auto,4/13/2022 12:00 PM and 4/13/2022 12:22 PM,,CLOSED.REFERRED TO LE
THEFT : FROM MOTOR VEHICLE,MACALESTER CAMPUS : PARKING : IMMANUEL LUTHERAN CHURCH,4/13/2022,12:22 PM,MAC-22-0464,Public Safety was notified of a theft from auto,4/13/2022 12:00 PM and 4/13/2022 12:22 PM,,CLOSED.REFERRED TO LE
HARASSMENT,OFF CAMPUS (NON-CLERY),4/11/2022,09:55 AM,MAC-22-0453,Student received harassing messages on their Instagram account.,UNKNOWN and UNKNOWN,,
THEFT : FROM BUILDING/STRUCTURE,MACALESTER CAMPUS : ATHLETIC FACILITIES : LEONARD CENTER AND WELLNESS COMPLEX,4/8/2022,06:40 PM,MAC-22-0441,Macalester College Public Safety investigated a report of a theft at the Leonard Center.,4/8/2022 03:37 PM and 4/8/2022 06:35 PM,,CLOSED.NO SUSPECT OR WITNESS
THEFT : MOTOR VEHICLE PARTS,MACALESTER CAMPUS : PARKING : IMMANUEL LUTHERAN CHURCH,4/8/2022,03:00 PM,MAC-22-0442,Public Safety received an online report regarding a motor vehicle part theft.,4/7/2022 08:00 AM and 4/7/2022 04:30 PM,,CLOSED.SERVICE COMPLETE
,HOUSING AND RESIDENCE HALL,4/6/2022,12:00 AM,TITLEIX-20220406,Title IX reported stalking to Public Safety,4/6/2022 12:00 AM and 4/6/2022 12:00 AM,156,
THEFT : MOTOR VEHICLE PARTS,MACALESTER CAMPUS : PARKING : LEONARD CENTER,3/31/2022,07:05 PM,MAC-22-0398,Public Safety received a report of a stolen motor vehicle part.,3/31/2022 08:45 AM and 3/31/2022 07:00 PM,,CLOSED.REFERRED TO LE
LOITERING,MACALESTER CAMPUS : EXTERIOR SPACES : BIKE RACKS : DUPRE,3/29/2022,01:34 AM,MAC-22-0389,Public Safety observed an suspicious activity.,3/29/2022 01:34 AM and 3/29/2022 01:34 AM,,CLOSED.SUBJECT ADVISED
EXTORTION,MACALESTER CAMPUS,3/27/2022,08:00 PM,MAC-22-0382,Macalester College Public Safety received report of Macalester student victim of extortion attempt.,3/27/2022 08:00 PM and 3/27/2022 08:30 PM,,"CLOSED.REFERRED TO TITLE IX 
OFFICE"
THEFT : FROM BUILDING/STRUCTURE,MACALESTER CAMPUS : ACADEMIC AND ADMINISTRATIVE : RUTH STRICKER DAYTON CAMPUS CENTER,3/26/2022,09:35 PM,MAC-22-0380,Macalester College Public Safety took a report of a package theft that occurred at the Campus Center.,3/25/2022 07:35 PM and 3/26/2022 09:30 PM,,CLOSED.NO SUSPECT OR WITNESS
THEFT : MOTOR VEHICLE PARTS,MACALESTER CAMPUS : PARKING : LEONARD CENTER,3/24/2022,08:40 PM,MAC-22-0370,Public Safety received an online report about a theft in a campus parking lot.,3/24/2022 07:29 PM and 3/24/2022 07:35 PM,,CLOSED.REFERRED TO LE
GRAFFITI (NON-CRIMINAL),MACALESTER CAMPUS : HOUSING AND RESIDENCE HALL : WALLACE HALL,3/23/2022,01:29 AM,MAC-22-0358,Public Safety observed graffiti on residence sign.,3/23/2022 01:29 AM and 3/23/2022 01:33 AM,,CLOSED.REFERRED TO DEPARTMENT
THEFT,MACALESTER CAMPUS : EXTERIOR SPACES : BATEMAN PLAZA,3/23/2022,01:19 AM,MAC-22-0357,Public Safety observed multiple missing bricks in the Bateman Plaza court yard.,3/23/2022 01:19 AM and 3/23/2022 01:25 AM,,CLOSED
DAMAGE TO PROPERTY,MACALESTER CAMPUS : EXTERIOR SPACES : BATEMAN PLAZA,3/23/2022,01:19 AM,MAC-22-0357,Public Safety observed multiple missing bricks in the Bateman Plaza court yard.,3/23/2022 01:19 AM and 3/23/2022 01:25 AM,,CLOSED.REFERRED TO DEPARTMENT
ROBBERY : AGGRAVATED,ROADWAY : GRAND AVENUE,3/21/2022,08:45 PM,MAC-22-0352,Macalester College Public Safety took a crime report from St Paul Public Schools.,3/21/2022 08:45 PM and 3/21/2022 09:05 PM,,CLOSED.PUBLIC SPACE
THEFT : MOTOR VEHICLE THEFT,MACALESTER CAMPUS : PARKING : WEST 2,3/17/2022,02:30 AM,MAC-22-0336,Public Safety received a report of a motor vehicle theft on campus.,3/17/2022 02:30 AM and 3/17/2022 02:48 AM,,"CLOSED.REFERRED TO OUTSIDE 
AGENCY"
SEX OFFENSE: RAPE,HOUSING AND RESIDENCE HALL,3/14/2022,12:00 AM,TITLEIX-20220314,Title IX reported Rape to Public Safety,3/14/2022 12:00 AM and 3/14/2022 12:00 AM,153,
THEFT : BICYCLE,MACALESTER CAMPUS : EXTERIOR SPACES : BIKE RACKS : DUPRE,3/10/2022,07:29 PM,MAC-22-0313,Public Safety received an online report of a missing bike.,3/10/2022 02:30 PM and 3/10/2022 05:30 PM,,OPEN CASE
ROBBERY : AGGRAVATED,OFF CAMPUS (NON-CLERY),3/9/2022,10:15 AM,MAC-22-0302,Public Safety received a report of a motor vehicle theft that had occurred adjacent to campus.,3/8/2022 06:15 PM and 3/8/2022 06:20 PM,,CLOSED.REFERRED TO LE
THEFT : MOTOR VEHICLE THEFT,OFF CAMPUS (NON-CLERY),3/9/2022,10:15 AM,MAC-22-0302,Public Safety received a report of a motor vehicle theft that had occurred adjacent to campus.,3/8/2022 06:15 PM and 3/8/2022 06:20 PM,,CLOSED.REFERRED TO LE
STALKING,MACALESTER CAMPUS : ACADEMIC AND ADMINISTRATIVE : WEYERHAEUSER HALL,3/5/2022,05:05 AM,MAC-22-0283,Public Safety responded to a medical emergency and violation of OFP call in front of Admissions building.,3/5/2022 05:05 AM and 3/5/2022 06:19 AM,,UNDER INVESTIGATION
ORDER FOR PROTECTION : VIOLATION OF,MACALESTER CAMPUS : ACADEMIC AND ADMINISTRATIVE : WEYERHAEUSER HALL,3/5/2022,05:05 AM,MAC-22-0283,Public Safety responded to a medical emergency and violation of OFP call in front of Admissions building.,3/5/2022 05:05 AM and 3/5/2022 06:19 AM,,UNDER INVESTIGATION
MOTOR VEHICLE CRASH,MACALESTER CAMPUS : ACADEMIC AND ADMINISTRATIVE : RUTH STRICKER DAYTON CAMPUS CENTER,3/4/2022,04:14 PM,MAC-22-0279,Macalester Van involved in MVC,3/4/2022 11:41 AM and 3/4/2022 11:41 AM,,CLOSED
ORDER FOR PROTECTION : VIOLATION OF,MACALESTER CAMPUS,3/4/2022,09:13 AM,MAC-22-0270,Subject violated terms of OFP and contacted Macalester College,UNKNOWN and UNKNOWN,,
HARASSMENT,MACALESTER CAMPUS,3/4/2022,09:13 AM,MAC-22-0270,Subject violated terms of OFP and contacted Macalester College,UNKNOWN and UNKNOWN,,
STALKING,MACALESTER CAMPUS,3/4/2022,09:13 AM,MAC-22-0270,Subject violated terms of OFP and contacted Macalester College,UNKNOWN and UNKNOWN,,
HARASSMENT,OFF CAMPUS (NON-CLERY),3/2/2022,02:50 PM,MAC-22-0254,Informed of off campus threats/harassment,3/2/2022 02:51 PM and 3/2/2022 02:51 PM,,
BIAS INCIDENT,OFF CAMPUS (NON-CLERY),3/2/2022,02:50 PM,MAC-22-0254,Informed of off campus threats/harassment,3/2/2022 02:51 PM and 3/2/2022 02:51 PM,,
Stalking,MACALESTER CAMPUS,3/2/2022,12:00 AM,TITLEIX-20220302,Title IX reported Stalking to Public Safety,3/2/2022 12:00 AM and 3/2/2022 12:00 AM,154,
DAMAGE TO PROPERTY : ACCIDENTAL,MACALESTER CAMPUS : PARKING : WEST 2,2/26/2022,11:30 AM,MAC-22-0264,Public Safety observed damage on a college leased van.,2/26/2022 11:30 AM and 2/26/2022 11:30 AM,,CLOSED.REFERRED TO DEPARTMENT
MISSING PERSON : STUDENT,OFF CAMPUS (NON-CLERY),2/25/2022,09:00 PM,MAC-22-0227,Public Safety was notified of an ongoing off campus incident.,2/25/2022 09:00 PM and 2/25/2022 09:25 PM,,CLOSED.OFF CAMPUS INCIDENT
THEFT : MOTOR VEHICLE PARTS,MACALESTER CAMPUS : PARKING : MACALESTER PLYMOUTH UNITED CHURCH,2/14/2022,05:43 PM,MAC-22-0191,Theft of auto parts-catalytic converter,2/14/2022 07:00 AM and 2/14/2022 02:00 PM,,
ASSIST : VEHICLE START,ROADWAY : MACALESTER STREET,2/14/2022,12:15 PM,MAC-22-0185,Public Safety assisted a student with a vehicle jump start.,2/14/2022 12:15 PM and 2/14/2022 12:30 PM,,CLOSED.SERVICE COMPLETE
DISBTURBANCE,MACALESTER CAMPUS : HOUSING AND RESIDENCE HALL : GRAND CAMBRIDGE APARTMENTS,2/12/2022,10:45 PM,MAC-22-0174,Public Safety responded to a residence hall disturbance call.,2/12/2022 10:50 PM and 2/12/2022 11:05 PM,,CLOSED.SERVICE COMPLETE
THEFT : BICYCLE,MACALESTER CAMPUS : EXTERIOR SPACES : BIKE RACKS,2/11/2022,02:35 PM,MAC-22-0198,Public Safety Was notified of the theft of a bike.,2/11/2022 12:00 AM and UNKNOWN,,
ASSIST : VEHICLE START,ROADWAY : MACALESTER STREET,2/10/2022,05:10 PM,MAC-22-0158,Macalester College Public Safety Officer assisted student jumpstart their vehicle.,2/10/2022 05:10 PM and 2/10/2022 05:23 PM,,CLOSED.SERVICE COMPLETE
GRAFFITI (NON-CRIMINAL),MACALESTER CAMPUS : ACADEMIC AND ADMINISTRATIVE : JANET WALLACE FINE ARTS CENTER,2/10/2022,04:16 PM,MAC-22-0157,Public Safety Received report of possible graffiti-tape on sign,2/10/2022 04:17 PM and 2/10/2022 04:17 PM,,
DISBTURBANCE,MACALESTER CAMPUS : HOUSING AND RESIDENCE HALL : GRAND CAMBRIDGE APARTMENTS,2/6/2022,12:30 AM,MAC-22-0137,Public Safety dispatched to a residence hall for a disturbance call.,2/6/2022 12:30 AM and 2/6/2022 12:50 AM,,CLOSED.NO SERVICE
MOTOR VEHICLE CRASH,MACALESTER CAMPUS : PARKING : WEST 2,2/3/2022,01:20 PM,MAC-22-0121,Public Safety was informed of a minor motor vehicle accident in college lot.,2/3/2022 01:20 PM and 2/3/2022 01:35 PM,,CLOSED.SERVICE COMPLETE
ASSIST : VEHICLE LOCKOUT,ROADWAY : SUMMIT AVENUE,2/2/2022,05:30 PM,MAC-22-0113,Macalester College Public Safety Officer assisted student with vehicle lockout.,2/2/2022 05:30 PM and 2/2/2022 05:55 PM,,CLOSED.SERVICE COMPLETE
ASSIST : VEHICLE START,MACALESTER CAMPUS : PARKING : 37 MAC,1/29/2022,11:08 AM,MAC-22-0095,Macalester College Public Safety assisted college student with vehicle jumpstart.,1/29/2022 11:08 AM and 1/29/2022 11:19 AM,,CLOSED.SERVICE COMPLETE
BIAS INCIDENT,MACALESTER CAMPUS : ACADEMIC AND ADMINISTRATIVE : DEWITT WALLACE LIBRARY,1/25/2022,02:00 PM,MAC-22-0084,Public Safety responded to a report of offensive leaflets that had been posted at the Library.,1/25/2022 12:00 PM and 1/25/2022 02:00 PM,,CLOSED
THEFT : MOTOR VEHICLE PARTS,MACALESTER CAMPUS : PARKING : 37 MAC,1/22/2022,04:42 PM,MAC-22-0070,Public Safety received an online report regarding a stolen vehicle part.,1/21/2022 02:28 PM and 1/21/2022 02:30 PM,,
LEWD OR INDECENT CONDUCT,MACALESTER CAMPUS : EXTERIOR SPACES : MARVIN PLAZA,1/20/2022,02:55 PM,MAC-22-0046,Public Safety received an online report of indecent conduct.,1/20/2022 02:45 PM and 1/20/2022 02:50 PM,,
ASSIST : VEHICLE START,MACALESTER CAMPUS : PARKING : MACALESTER PLYMOUTH UNITED CHURCH,1/20/2022,01:45 PM,MAC-22-0045,Public Safety performed a jump start on a faculty member's car.,1/20/2022 01:45 PM and 1/20/2022 01:50 PM,,CLOSED.SERVICE COMPLETE
HARASSMENT,MACALESTER CAMPUS : ACADEMIC AND ADMINISTRATIVE : OLD MAIN,1/18/2022,11:44 AM,MAC-22-0039,"The Public Safety Department received information that a community member was receiving threatening and harassing 
communications.",UNKNOWN and UNKNOWN,,
STALKING,MACALESTER CAMPUS : ACADEMIC AND ADMINISTRATIVE : OLD MAIN,1/18/2022,11:44 AM,MAC-22-0039,"The Public Safety Department received information that a community member was receiving threatening and harassing 
communications.",UNKNOWN and UNKNOWN,,
DOMESTIC VIOLENCE,MACALESTER CAMPUS : ACADEMIC AND ADMINISTRATIVE : OLD MAIN,1/18/2022,11:44 AM,MAC-22-0039,"The Public Safety Department received information that a community member was receiving threatening and harassing 
communications.",UNKNOWN and UNKNOWN,,
THEFT : MOTOR VEHICLE PARTS,MACALESTER CAMPUS : PARKING : WEST 2,1/14/2022,02:00 PM,MAC-22-0037,Public Safety took a report of theft of a catalytic converter from an employee's car in a college lot.,1/14/2022 02:00 PM and 1/15/2022 12:30 AM,,CLOSED.REFERRED TO LE
BURGLARY,HIGHWINDS PROPERTY : GRAND AVENUE BUSINESSES : PATAGONIA-1648 GRAND,1/12/2022,04:00 PM,MAC-22-0026,Public Safety received a report of a burglary that occurred earlier in the day.,1/12/2022 09:10 AM and 1/12/2022 10:00 AM,,
ASSIST : VEHICLE START,MACALESTER CAMPUS : PARKING : SOUTH PARKING,1/7/2022,01:00 PM,MAC-22-0016,Public Safety performed a vehicle jump start.,1/7/2022 01:00 PM and 1/7/2022 01:10 PM,,CLOSED.SERVICE COMPLETE
